<?xml version='1.0' encoding='utf-8' standalone='yes' ?>
<map>
    <long name="com.facebook.appevents.SessionInfo.sessionStartTime" value="1758007326797" />
    <long name="com.facebook.appevents.SessionInfo.sessionEndTime" value="1758007338574" />
    <boolean name="bg_startup_tracing" value="false" />
    <string name="com.facebook.appevents.UserDataStore.internalUserData">{&quot;r2&quot;:&quot;6e2e641a96ac680f0984f8e7748f4a2ef04fdf7e6c3b3c0dfb78490f790c0362&quot;}</string>
    <int name="com.facebook.appevents.SessionInfo.interruptionCount" value="0" />
    <string name="com.facebook.appevents.SessionInfo.sessionId">d8d3aa9d-5353-4d8a-95ca-e52016e83fa0</string>
</map>
